D,113361,IL
P,305695,780x780,Neutral Face
S,232434,P3X3SJX092,2027-03-21
S,231860,PHL0SXN345,2023-09-27
A,304558,Ghayth Bolormaa
S,254084,P9JRB6G228,2028-04-26
P,116365,1200x1200,Neutral Face
A,307836,Erastos Rosemary
S,304558,P2921TG783,2028-06-05
P,253827,800x800,Neutral Face
F,232771,1200,7000
A,114536,Crina Boudewijn
D,231860,LA,12
A,254084,Martin Kamal
P,232434,600x600,Neutral Face
P,113501,1000x1000,Neutral Face
D,304558,GC
S,112500,PBC37TQ253,2026-11-12
S,110923,PWCP5G614A,2027-03-19
F,255022,2500,8700
F,113317,3900,5000
A,253827,Alinafe Nisha
P,304021,600x600,Natural Smile
F,110379,3600,10800
A,117864,Galen Terence
A,232771,Perez Moustapha
S,232545,P4LDDZV238,2028-08-22
P,231516,980x980,Neutral Face
F,252761,5600,16000
S,117864,PA9AUXR378,2024-07-11
S,252872,P342HPX717,2025-10-21
F,114718,9030,26000
S,113797,PBBQELT227,2027-01-09
F,110023,6700,36900
F,232434,3020,6000
P,112500,600x800,Neutral Face
F,253309,1750,3650
S,232771,P5OE0DX935,2025-02-03
D,231516,LA,48
S,232221,PWFQIG0246,2025-09-30
P,232568,780x780,Neutral Face
D,232771,LA,36
P,254002,780x780,Neutral Face
A,110023,Lia Khadija
S,233565,PQS1P5M297,2024-07-03
P,113361,980x980,Neutral Face
F,254084,900,92000
F,253827,3200,1500
P,253309,600x600,Natural Smile
S,306222,P6XPU7CN036,2022-07-28
F,114536,6800,42000
S,116365,PPE1XQK956,2024-06-02
A,303339,Bozhidar Tahire
D,254084,LA,24
P,113214,600x600,Tilted Head
P,232545,800x800,Neutral Face
D,251915,LA,24
P,307836,780x780,Neutral Face
D,253309,LA,24
P,252761,1200x1200,Neutral Face
P,110379,1200x1042,Neutral Face
A,232545,Enise Ashurbanipal
A,112500,Khordad Faisal
P,232771,960x960,Natural Smile
A,304021,Wanyonyi Gostislav
A,305695,Salim Rani
S,307836,P2C3609571,2028-08-05
D,232221,LA,60
A,252872,Citlali Maire
P,255022,1150x1150,Neutral Face
A,251915,Goretti Serafim
P,111525,800x800,Natural Smile
A,116365,Namrata Carme
S,113501,P5JLQUQ675,2025-06-23
P,254084,960x960,Natural Smile
F,251915,3000,9000
P,304558,800x800,Neutral Face
P,111438,1300x1300,Neutral Face
P,110923,600x600,Neutral Face
D,253827,LA,12
D,254002,LA,6
S,303339,PHA2K6I845,2023-06-11
F,113501,2650,7600
S,114174,P51VA1E456,2025-03-31
S,110023,P16W2B1273,2025-06-23
F,111525,3350,9600
S,304021,P4TVOW1802,2026-06-05
P,231860,1200x1200,Neutral Face
F,303339,2050,5000
A,252761,Ema Grzegorz
F,304021,1200,6560
D,307836,GC
S,110379,PL9YP9X457,2022-03-25
S,253827,PBKWKU2862,2028-04-06
F,304558,4000,2000
P,303339,1060x1060,Neutral Face
A,231860,Gemaryahu Axel
A,233565,Ludovicus Mildburg
S,305695,P97A3LV350,2024-04-26
S,111438,P1ON72P123,2025-08-30
A,253309,Thorvald Petra
P,306222,960x960,Natural Smile
P,113797,1081x1081,Neutral Face
D,232545,LA,72
S,114718,PWRBL1U098,2024-01-31
P,113317,1200x1200,Neutral Face
D,232221,IL
S,113317,P5LDVX2399,2026-05-08
S,231516,PV08XQ6873,2022-06-02
A,232568,Peter Uzziah
A,114174,Reinaldo Saturnina
D,303339,GC
A,255022,Quinctus Calista
P,110023,1042x1042,Neutral Face
F,252872,1600,4200
F,232545,2350,9030
F,231860,3800,1500
F,307836,1400,2250
D,252872,LA,48
F,113361,4700,15000
A,110923,Sulo Helene
F,232221,2500,1600
S,255022,PJZPTCT067,2026-07-18
A,114718,Mark Anselm
F,114174,5300,30000
P,232221,1060x1060,Neutral Face
P,252872,1060x1060,Neutral Face
S,111525,P5DXH6J076,2024-10-18
P,114718,960x960,Neutral Face
F,110923,2500,5600
A,113361,Kohar Mair
S,113361,PYYEZ6B929,2030-10-11
F,231516,2560,5000
S,232568,PHV6XAD853,2031-07-04
D,252761,LA,18
A,306222,Siti Alejo
S,254002,P3PHDXV275,2025-11-30
A,113797,Kaleva Hebe
F,113214,4000,0
S,113214,PPRYV6S794,2029-06-09
F,233565,2600,8700
F,306222,4200,76800
S,253309,PM6F2ZF572,2026-02-24
P,114174,600x600,Neutral Face
A,113317,Kallirrhoe Meinir
D,232568,LA,84
S,114536,P5K5UYS767,2028-04-26
F,112500,3670,3000
A,113501,Lothaire Aurelio
A,110379,Jowita Aurelia
F,232568,4500,36900
P,114536,1200x1200,Natural Smile
D,304021,GC
A,231516,Ardath Luus
A,254002,Margit Nehemiah
F,113797,2500,9000
F,117864,3400,5000
A,113912,Todd Thomas
A,111438,Wilhelmus Daler
A,111525,Chen Pratima
S,252761,PBGL47C723,2023-11-30
F,111438,4200,13450
D,232434,LA,24
P,233565,1150x1150,Neutral Face
F,254002,2550,4500
D,307836,IL
D,253309,IL
P,251915,980x980,Neutral Face
D,113797,IL
F,305695,7000,67000
S,251915,P03HQEP274,2022-06-21
A,232434,Gavril Urpi
A,232221,Kahina Kevin
A,113214,Ampelius Jabez